user_id,book_id,progress,timestamp,rating
1,75,33,2024-07-31 13:05:48,1.9
1,89,61,2024-07-01 13:05:48,1.4
1,158,82,2024-10-06 13:05:48,2.4
1,168,87,2024-10-21 13:05:48,2.7
1,187,89,2024-12-21 13:05:48,
1,45,37,2025-03-25 13:05:48,1.8
1,142,23,2024-08-23 13:05:48,
1,15,23,2024-07-08 13:05:48,1.8
1,133,74,2024-10-26 13:05:48,3.4
1,166,44,2025-04-16 13:05:48,
1,2,62,2024-07-20 13:05:48,
1,18,72,2024-07-18 13:05:48,4.2
1,118,73,2025-02-04 13:05:48,4.5
1,72,10,2024-11-24 13:05:48,1.5
1,167,93,2024-09-21 13:05:48,2.4
1,98,91,2024-06-27 13:05:48,3.0
1,116,66,2025-04-20 13:05:48,2.1
1,160,65,2024-07-09 13:05:48,
1,193,41,2024-09-26 13:05:48,
1,28,20,2024-11-18 13:05:48,3.7
1,25,51,2024-08-08 13:05:48,
1,113,60,2024-09-21 13:05:48,4.6
1,178,65,2024-07-31 13:05:48,3.0
1,176,91,2024-04-29 13:05:48,4.8
1,87,63,2025-01-10 13:05:48,
1,121,25,2024-09-11 13:05:48,3.2
1,58,43,2025-03-14 13:05:48,
2,164,45,2024-09-21 13:05:48,2.1
2,26,96,2024-08-14 13:05:48,1.8
2,169,80,2024-05-15 13:05:48,1.2
2,36,71,2025-01-09 13:05:48,1.5
2,89,16,2024-11-26 13:05:48,4.9
2,51,12,2025-04-12 13:05:48,1.1
2,168,65,2024-11-21 13:05:48,
2,59,17,2024-10-07 13:05:48,
2,128,25,2024-09-28 13:05:48,
2,190,60,2024-09-12 13:05:48,3.1
2,173,17,2025-01-05 13:05:48,2.4
2,170,25,2024-05-25 13:05:48,
2,141,56,2024-04-22 13:05:48,
2,24,97,2025-02-10 13:05:48,3.2
2,108,24,2024-07-15 13:05:48,1.1
3,180,58,2025-03-28 13:05:48,
3,109,99,2025-01-21 13:05:48,2.3
3,58,70,2024-12-01 13:05:48,3.3
3,124,49,2024-07-13 13:05:48,
3,152,91,2024-07-18 13:05:48,2.3
3,135,16,2024-05-23 13:05:48,1.6
3,184,31,2024-09-05 13:05:48,2.9
3,25,71,2024-08-21 13:05:48,4.5
3,75,49,2024-12-25 13:05:48,2.6
4,123,65,2025-02-16 13:05:48,3.6
4,83,12,2024-09-27 13:05:48,3.0
4,41,38,2024-05-04 13:05:48,
4,169,12,2025-01-27 13:05:48,1.3
4,146,43,2024-04-22 13:05:48,
4,54,90,2024-06-10 13:05:48,3.3
4,147,78,2024-07-02 13:05:48,4.7
4,148,72,2024-07-21 13:05:48,
4,120,98,2024-04-30 13:05:48,3.6
4,140,48,2024-12-04 13:05:48,
4,18,14,2024-10-16 13:05:48,3.6
4,59,42,2024-06-10 13:05:48,3.6
4,159,52,2024-05-09 13:05:48,4.3
4,67,56,2024-06-08 13:05:48,1.5
4,104,86,2024-11-20 13:05:48,4.7
4,96,86,2024-05-13 13:05:48,3.9
4,126,92,2024-07-30 13:05:48,
4,50,43,2025-02-02 13:05:48,5.0
4,173,59,2024-09-03 13:05:48,
4,35,70,2025-01-16 13:05:48,2.7
4,155,81,2024-12-13 13:05:48,
4,2,47,2024-06-25 13:05:48,2.0
4,74,40,2024-07-19 13:05:48,
4,198,85,2024-09-24 13:05:48,1.3
4,106,49,2024-09-16 13:05:48,2.8
4,34,23,2024-12-25 13:05:48,2.4
4,192,100,2024-08-03 13:05:48,4.7
4,142,34,2024-10-13 13:05:48,2.3
5,174,91,2024-10-12 13:05:48,3.0
5,12,89,2024-09-17 13:05:48,2.3
5,186,50,2025-04-19 13:05:48,3.4
5,106,76,2024-05-19 13:05:48,4.3
5,140,30,2025-02-01 13:05:48,1.1
5,76,52,2024-05-01 13:05:48,5.0
5,176,83,2025-02-25 13:05:48,1.2
5,162,38,2024-10-03 13:05:48,1.1
5,19,17,2024-05-23 13:05:48,1.1
5,93,57,2024-11-12 13:05:48,1.6
5,123,13,2025-04-10 13:05:48,3.7
5,192,100,2024-11-03 13:05:48,1.8
6,98,51,2024-07-23 13:05:48,2.1
6,65,89,2025-03-15 13:05:48,4.9
6,114,66,2024-06-16 13:05:48,
6,21,70,2024-09-03 13:05:48,
6,168,82,2024-09-22 13:05:48,1.3
6,1,32,2025-01-05 13:05:48,2.2
6,166,76,2024-11-21 13:05:48,4.7
6,14,60,2024-08-05 13:05:48,3.7
6,129,88,2025-03-29 13:05:48,
6,143,92,2024-11-30 13:05:48,1.7
6,16,78,2024-05-03 13:05:48,4.5
6,74,90,2024-11-27 13:05:48,2.0
6,200,70,2025-02-19 13:05:48,3.7
6,159,49,2024-04-23 13:05:48,1.7
6,144,78,2025-02-24 13:05:48,2.6
6,45,54,2024-10-17 13:05:48,2.1
6,199,52,2025-04-05 13:05:48,3.0
6,121,58,2024-10-23 13:05:48,
6,39,85,2024-08-28 13:05:48,1.7
6,80,35,2025-02-08 13:05:48,
6,151,41,2024-09-18 13:05:48,
6,23,28,2024-05-15 13:05:48,4.0
6,109,76,2025-01-15 13:05:48,1.5
6,17,70,2024-06-26 13:05:48,4.8
6,188,42,2025-01-17 13:05:48,4.9
6,179,26,2024-06-27 13:05:48,1.5
6,177,33,2025-03-16 13:05:48,
6,11,95,2025-03-01 13:05:48,
6,105,88,2025-01-29 13:05:48,
6,5,54,2024-04-27 13:05:48,4.0
7,161,82,2025-03-11 13:05:48,2.2
7,82,48,2024-10-27 13:05:48,4.4
7,73,94,2024-05-08 13:05:48,
7,34,15,2025-03-20 13:05:48,
7,192,13,2024-12-29 13:05:48,2.5
7,72,96,2024-08-06 13:05:48,
7,157,99,2024-05-24 13:05:48,4.4
7,15,65,2024-10-15 13:05:48,
7,36,41,2024-06-17 13:05:48,
7,88,28,2025-03-05 13:05:48,2.9
7,48,75,2024-08-22 13:05:48,
7,139,86,2024-05-06 13:05:48,4.2
7,9,17,2024-11-02 13:05:48,4.0
7,176,36,2024-12-30 13:05:48,1.9
7,187,70,2024-05-14 13:05:48,3.7
7,135,14,2024-07-26 13:05:48,2.1
7,98,65,2024-04-21 13:05:48,3.1
7,83,72,2024-12-06 13:05:48,1.3
7,22,20,2025-02-01 13:05:48,2.8
8,11,12,2025-04-05 13:05:48,3.1
8,139,72,2024-12-16 13:05:48,4.5
8,152,19,2024-11-13 13:05:48,
8,180,59,2024-08-02 13:05:48,
8,162,84,2024-11-29 13:05:48,4.3
9,132,20,2024-10-17 13:05:48,
9,101,16,2025-04-12 13:05:48,3.4
9,155,82,2025-03-07 13:05:48,2.9
9,130,62,2024-07-01 13:05:48,
9,161,11,2024-08-28 13:05:48,2.3
9,2,85,2024-04-27 13:05:48,3.8
9,166,10,2024-06-28 13:05:48,3.4
9,76,49,2024-10-18 13:05:48,1.1
9,10,76,2025-03-09 13:05:48,2.4
9,4,69,2025-01-01 13:05:48,2.7
9,113,24,2025-04-02 13:05:48,4.4
9,194,59,2024-05-31 13:05:48,
9,127,70,2024-10-21 13:05:48,
9,18,48,2025-02-06 13:05:48,4.5
9,119,42,2024-07-06 13:05:48,1.5
9,94,37,2025-04-19 13:05:48,
9,84,12,2024-07-06 13:05:48,1.5
9,74,49,2024-12-12 13:05:48,1.0
9,38,32,2025-02-11 13:05:48,2.3
9,199,72,2025-04-01 13:05:48,
9,188,73,2025-03-09 13:05:48,2.7
9,187,32,2024-12-18 13:05:48,4.2
9,42,75,2025-04-12 13:05:48,
9,50,32,2024-05-07 13:05:48,3.2
9,81,78,2025-02-19 13:05:48,
9,5,61,2024-09-04 13:05:48,2.3
9,48,37,2025-01-04 13:05:48,4.4
9,6,20,2025-02-26 13:05:48,3.1
10,115,29,2024-05-29 13:05:48,2.6
10,59,43,2025-02-23 13:05:48,1.3
10,11,29,2025-02-26 13:05:48,1.5
10,75,22,2025-01-05 13:05:48,
10,14,45,2024-05-31 13:05:48,1.3
10,46,78,2024-06-30 13:05:48,4.8
10,77,63,2024-06-09 13:05:48,
10,97,42,2024-06-14 13:05:48,
10,106,46,2025-02-02 13:05:48,4.8
10,66,35,2025-01-27 13:05:48,
10,41,10,2024-12-23 13:05:48,4.7
10,116,64,2024-08-24 13:05:48,3.8
10,55,10,2025-03-08 13:05:48,3.8
10,175,43,2025-01-05 13:05:48,2.9
10,114,36,2024-11-16 13:05:48,4.8
10,18,56,2025-04-13 13:05:48,
10,88,25,2024-10-25 13:05:48,1.6
10,27,52,2024-10-26 13:05:48,2.9
10,7,36,2024-10-08 13:05:48,3.1
10,144,33,2024-12-01 13:05:48,1.7
10,173,40,2025-02-12 13:05:48,1.9
10,140,42,2025-01-14 13:05:48,
10,19,24,2024-06-27 13:05:48,4.9
10,107,44,2025-02-21 13:05:48,4.8
10,147,44,2024-09-28 13:05:48,
10,10,76,2025-01-09 13:05:48,
10,2,66,2024-12-01 13:05:48,1.9
10,78,77,2024-12-21 13:05:48,
10,118,88,2024-12-26 13:05:48,3.3
10,69,45,2024-06-09 13:05:48,2.7
11,84,19,2024-07-30 13:05:48,
11,163,97,2025-01-21 13:05:48,
11,157,40,2024-06-25 13:05:48,
11,92,82,2024-11-17 13:05:48,1.0
11,155,94,2024-07-25 13:05:48,1.5
11,86,73,2024-08-11 13:05:48,3.1
11,88,55,2024-05-04 13:05:48,2.4
11,21,76,2024-10-03 13:05:48,3.0
11,146,66,2024-05-18 13:05:48,1.4
11,128,83,2024-12-04 13:05:48,4.6
11,94,90,2025-04-09 13:05:48,2.0
11,49,51,2024-11-11 13:05:48,1.4
11,12,19,2024-07-23 13:05:48,4.5
12,136,94,2024-11-22 13:05:48,
12,37,53,2024-06-04 13:05:48,3.7
12,115,70,2025-04-19 13:05:48,3.4
12,56,72,2025-01-04 13:05:48,5.0
12,35,92,2024-06-10 13:05:48,
12,188,93,2025-03-18 13:05:48,2.4
12,183,31,2024-09-13 13:05:48,3.9
12,143,89,2025-02-22 13:05:48,
13,90,78,2024-08-23 13:05:48,2.2
13,55,61,2024-09-26 13:05:48,4.1
13,92,30,2024-07-30 13:05:48,4.7
13,95,25,2025-03-09 13:05:48,
13,199,86,2024-11-24 13:05:48,
13,15,48,2024-05-29 13:05:48,3.3
13,24,24,2024-05-28 13:05:48,4.8
13,100,35,2024-06-20 13:05:48,3.2
13,14,20,2024-12-14 13:05:48,2.7
13,42,47,2024-08-02 13:05:48,2.7
13,170,96,2025-04-13 13:05:48,3.7
13,12,16,2024-07-14 13:05:48,1.2
13,59,11,2025-01-20 13:05:48,4.1
13,113,56,2025-01-26 13:05:48,1.1
13,161,22,2024-12-28 13:05:48,1.2
13,142,28,2024-04-25 13:05:48,2.3
13,112,70,2024-05-02 13:05:48,4.6
13,141,76,2025-04-15 13:05:48,3.1
13,99,90,2024-08-18 13:05:48,2.0
13,145,51,2024-08-25 13:05:48,2.0
13,156,69,2024-12-29 13:05:48,
13,51,98,2024-09-12 13:05:48,2.0
13,117,85,2024-09-12 13:05:48,3.8
14,93,79,2024-06-02 13:05:48,1.6
14,199,85,2024-10-19 13:05:48,3.4
14,192,73,2024-07-19 13:05:48,2.1
14,3,20,2024-09-19 13:05:48,
14,94,40,2024-12-28 13:05:48,
14,164,61,2024-09-09 13:05:48,
14,161,18,2025-02-23 13:05:48,3.8
14,188,34,2024-08-07 13:05:48,4.5
14,51,59,2024-06-16 13:05:48,4.3
14,33,77,2025-02-18 13:05:48,1.6
14,53,77,2025-02-14 13:05:48,2.5
15,149,85,2025-02-27 13:05:48,3.5
15,143,95,2024-06-28 13:05:48,1.1
15,36,94,2024-07-05 13:05:48,3.0
15,5,53,2024-05-17 13:05:48,
15,160,79,2025-01-26 13:05:48,1.1
15,129,13,2024-05-23 13:05:48,1.2
15,113,96,2024-08-20 13:05:48,
15,116,29,2024-11-24 13:05:48,2.3
15,124,30,2025-03-01 13:05:48,1.6
15,24,17,2024-10-30 13:05:48,3.8
15,180,84,2025-02-13 13:05:48,4.3
15,21,79,2024-08-24 13:05:48,
15,163,60,2025-03-05 13:05:48,3.6
15,192,100,2025-03-29 13:05:48,4.3
15,82,78,2024-09-08 13:05:48,4.1
15,120,88,2024-12-12 13:05:48,3.3
15,135,67,2025-02-23 13:05:48,3.1
15,49,70,2025-01-16 13:05:48,2.5
15,93,72,2024-09-01 13:05:48,4.0
15,174,12,2024-08-28 13:05:48,
15,195,93,2025-03-02 13:05:48,
15,123,91,2024-11-03 13:05:48,4.2
15,136,28,2024-05-28 13:05:48,
16,185,51,2024-07-27 13:05:48,3.1
16,20,87,2025-03-20 13:05:48,3.8
16,98,86,2024-08-12 13:05:48,
16,169,70,2024-07-06 13:05:48,
16,102,55,2024-09-03 13:05:48,4.9
16,122,61,2025-01-17 13:05:48,3.6
16,79,14,2024-05-15 13:05:48,
16,121,76,2024-10-07 13:05:48,4.6
16,57,37,2024-09-29 13:05:48,3.1
16,40,37,2025-01-29 13:05:48,3.2
16,163,65,2024-08-02 13:05:48,1.1
16,41,100,2025-02-01 13:05:48,4.3
16,93,23,2024-11-22 13:05:48,1.3
16,191,51,2024-10-10 13:05:48,2.5
16,115,26,2024-06-01 13:05:48,
16,48,50,2024-12-01 13:05:48,2.5
16,111,35,2025-03-08 13:05:48,3.2
16,34,47,2025-04-21 13:05:48,2.5
16,47,60,2024-06-30 13:05:48,3.1
16,143,56,2025-01-28 13:05:48,4.3
16,77,84,2024-07-19 13:05:48,
16,198,51,2025-01-17 13:05:48,
16,39,32,2025-01-28 13:05:48,
16,137,100,2024-09-16 13:05:48,
16,145,85,2024-05-26 13:05:48,3.0
16,126,31,2024-08-05 13:05:48,4.2
16,194,88,2025-01-30 13:05:48,
16,90,51,2025-01-17 13:05:48,4.7
16,179,13,2024-10-27 13:05:48,2.6
17,191,29,2024-05-15 13:05:48,3.7
17,142,38,2024-09-13 13:05:48,1.6
17,45,78,2025-04-06 13:05:48,2.5
17,164,63,2024-07-21 13:05:48,3.0
17,82,14,2025-03-05 13:05:48,2.3
17,156,61,2024-12-31 13:05:48,
17,140,77,2024-06-16 13:05:48,1.1
17,194,14,2024-11-03 13:05:48,2.4
17,152,29,2024-11-22 13:05:48,3.9
17,131,73,2025-01-25 13:05:48,3.0
17,148,42,2024-10-08 13:05:48,
17,34,65,2024-06-29 13:05:48,4.9
17,165,77,2025-04-13 13:05:48,3.7
17,10,76,2024-05-30 13:05:48,4.4
18,39,43,2025-01-24 13:05:48,1.9
18,173,36,2024-06-27 13:05:48,
18,133,77,2024-12-18 13:05:48,4.7
18,81,64,2025-02-02 13:05:48,2.5
18,153,47,2024-11-14 13:05:48,
18,53,16,2024-05-29 13:05:48,3.0
18,132,44,2024-05-26 13:05:48,3.4
18,51,82,2024-04-24 13:05:48,1.5
18,79,47,2024-09-17 13:05:48,1.8
18,28,42,2024-05-15 13:05:48,
18,156,88,2025-01-28 13:05:48,
18,63,25,2025-04-17 13:05:48,3.1
18,20,44,2024-07-09 13:05:48,3.2
18,170,47,2024-06-07 13:05:48,
18,115,53,2024-07-22 13:05:48,3.7
18,24,32,2025-03-28 13:05:48,4.8
18,200,77,2025-04-20 13:05:48,
18,135,87,2024-07-20 13:05:48,4.2
18,25,68,2024-09-08 13:05:48,3.1
18,172,76,2024-11-05 13:05:48,2.6
18,15,96,2024-06-19 13:05:48,1.8
18,146,66,2024-11-24 13:05:48,2.5
18,21,41,2024-11-18 13:05:48,
18,174,14,2024-12-31 13:05:48,
18,66,28,2024-08-25 13:05:48,2.4
18,73,45,2024-06-01 13:05:48,3.2
18,47,14,2025-01-26 13:05:48,1.1
18,190,46,2024-11-16 13:05:48,
19,68,82,2024-09-30 13:05:48,
19,113,60,2024-06-29 13:05:48,
19,59,76,2024-12-29 13:05:48,2.9
19,22,88,2024-09-02 13:05:48,1.3
19,158,72,2024-07-12 13:05:48,1.2
19,119,21,2025-03-03 13:05:48,
19,14,19,2024-12-29 13:05:48,4.4
19,171,94,2024-11-27 13:05:48,3.0
19,130,86,2024-11-17 13:05:48,2.2
19,178,28,2025-03-30 13:05:48,
19,27,11,2024-06-26 13:05:48,4.3
19,186,99,2025-04-11 13:05:48,3.2
20,2,87,2024-08-11 13:05:48,4.4
20,77,26,2024-10-14 13:05:48,3.3
20,62,25,2024-05-02 13:05:48,2.7
20,72,92,2025-01-19 13:05:48,2.2
20,148,81,2024-06-11 13:05:48,3.4
20,116,39,2024-12-28 13:05:48,1.1
20,134,30,2025-02-25 13:05:48,4.0
20,70,35,2024-10-28 13:05:48,2.8
20,159,70,2024-12-07 13:05:48,1.6
20,110,94,2025-02-20 13:05:48,
21,72,55,2024-09-12 13:05:48,2.0
21,198,92,2024-05-18 13:05:48,5.0
21,21,81,2025-03-25 13:05:48,4.4
21,7,21,2025-04-14 13:05:48,4.5
21,182,67,2024-08-21 13:05:48,1.5
21,154,67,2024-06-18 13:05:48,3.5
21,122,38,2025-04-15 13:05:48,2.1
21,113,47,2025-02-05 13:05:48,4.1
21,184,28,2024-09-29 13:05:48,2.5
21,157,10,2025-01-06 13:05:48,
21,196,57,2024-05-25 13:05:48,3.0
21,80,59,2025-04-07 13:05:48,
21,24,64,2025-04-01 13:05:48,1.5
21,164,91,2024-12-17 13:05:48,
21,189,98,2024-11-26 13:05:48,3.3
21,188,94,2024-08-26 13:05:48,1.2
22,197,99,2024-08-20 13:05:48,3.4
22,62,86,2025-01-28 13:05:48,1.1
22,26,78,2024-05-05 13:05:48,1.8
22,57,50,2024-06-18 13:05:48,
22,37,62,2025-01-10 13:05:48,2.8
22,135,77,2024-10-03 13:05:48,
22,86,96,2025-01-23 13:05:48,2.4
22,8,80,2025-03-14 13:05:48,
22,35,60,2024-10-21 13:05:48,2.4
22,142,50,2024-04-25 13:05:48,4.1
22,66,49,2025-03-13 13:05:48,4.5
22,179,85,2024-09-24 13:05:48,4.2
22,41,62,2024-12-28 13:05:48,4.5
22,146,77,2025-03-17 13:05:48,4.4
22,93,66,2024-08-23 13:05:48,4.1
22,75,56,2024-05-01 13:05:48,
22,163,33,2025-02-06 13:05:48,3.6
22,137,84,2024-07-14 13:05:48,1.7
22,36,86,2024-09-04 13:05:48,4.2
22,170,50,2025-02-03 13:05:48,4.6
22,136,63,2025-02-12 13:05:48,
22,177,83,2024-10-04 13:05:48,3.5
22,127,95,2024-11-02 13:05:48,
22,143,72,2024-09-18 13:05:48,2.2
22,1,74,2024-10-03 13:05:48,1.6
22,176,43,2025-04-17 13:05:48,1.8
22,181,33,2025-03-31 13:05:48,
23,88,21,2024-11-02 13:05:48,4.4
23,73,67,2024-08-04 13:05:48,4.0
23,191,15,2024-11-29 13:05:48,5.0
23,30,25,2025-02-27 13:05:48,1.1
23,20,50,2024-08-05 13:05:48,
23,144,73,2024-09-30 13:05:48,
23,3,12,2025-03-15 13:05:48,
23,55,70,2025-04-05 13:05:48,3.2
23,160,72,2024-11-24 13:05:48,1.8
23,93,44,2024-07-21 13:05:48,3.3
23,59,85,2025-02-16 13:05:48,4.9
23,168,80,2024-12-18 13:05:48,
23,188,98,2024-11-12 13:05:48,4.9
23,120,26,2025-01-11 13:05:48,
23,150,96,2025-03-04 13:05:48,3.9
23,71,55,2024-10-30 13:05:48,
23,157,50,2024-08-13 13:05:48,
23,92,28,2024-09-11 13:05:48,4.1
23,15,28,2024-10-29 13:05:48,
23,109,80,2024-10-10 13:05:48,4.5
23,128,13,2024-10-22 13:05:48,1.8
23,182,16,2025-04-04 13:05:48,1.5
23,119,63,2024-08-13 13:05:48,1.4
23,16,54,2024-08-21 13:05:48,1.2
23,173,61,2024-09-27 13:05:48,2.7
23,49,23,2024-06-12 13:05:48,4.5
23,50,93,2024-11-25 13:05:48,
23,78,41,2025-03-14 13:05:48,3.8
24,186,32,2025-01-28 13:05:48,4.3
24,147,51,2025-02-11 13:05:48,2.9
24,7,36,2025-04-02 13:05:48,2.7
24,52,39,2024-06-30 13:05:48,3.6
24,160,17,2025-02-07 13:05:48,4.5
24,181,81,2024-09-22 13:05:48,3.8
24,44,44,2024-07-01 13:05:48,1.2
24,128,36,2025-02-28 13:05:48,
24,36,51,2024-09-07 13:05:48,
24,35,73,2024-11-26 13:05:48,1.4
24,151,17,2025-01-12 13:05:48,3.2
24,184,81,2024-12-14 13:05:48,1.3
24,4,32,2025-03-06 13:05:48,
24,98,95,2024-08-02 13:05:48,4.2
24,29,65,2025-01-29 13:05:48,
24,66,76,2024-12-28 13:05:48,3.2
24,24,55,2025-03-20 13:05:48,4.9
24,149,54,2024-04-24 13:05:48,
24,113,79,2024-09-19 13:05:48,
24,166,41,2024-05-27 13:05:48,3.6
24,188,28,2024-08-14 13:05:48,1.6
24,87,28,2024-10-05 13:05:48,
24,94,94,2024-10-23 13:05:48,1.2
24,43,88,2025-01-22 13:05:48,3.1
24,3,28,2024-12-15 13:05:48,3.0
24,69,55,2024-07-28 13:05:48,3.5
24,127,95,2025-03-21 13:05:48,
24,99,19,2024-10-20 13:05:48,3.5
25,78,95,2024-05-16 13:05:48,4.2
25,153,39,2025-03-23 13:05:48,1.1
25,122,28,2024-05-18 13:05:48,3.3
25,81,89,2024-09-30 13:05:48,2.3
25,56,85,2024-12-11 13:05:48,
25,186,73,2024-05-07 13:05:48,3.6
25,53,69,2025-02-09 13:05:48,
25,137,16,2024-06-29 13:05:48,4.4
25,82,94,2024-06-29 13:05:48,
25,48,97,2024-04-30 13:05:48,
25,145,40,2024-08-22 13:05:48,2.7
25,165,63,2025-03-04 13:05:48,3.1
25,92,17,2024-10-20 13:05:48,2.2
26,7,20,2024-12-16 13:05:48,
26,109,50,2025-01-18 13:05:48,1.0
26,28,48,2024-05-18 13:05:48,4.9
26,157,65,2024-08-28 13:05:48,2.6
26,159,99,2024-08-31 13:05:48,1.3
27,46,48,2024-05-14 13:05:48,
27,62,89,2024-07-13 13:05:48,
27,166,62,2025-03-02 13:05:48,4.7
27,2,39,2024-12-18 13:05:48,1.5
27,38,33,2024-06-19 13:05:48,
27,25,54,2025-01-11 13:05:48,4.0
27,118,95,2025-02-23 13:05:48,
27,7,75,2024-10-22 13:05:48,
27,139,33,2025-04-14 13:05:48,
27,134,55,2024-09-12 13:05:48,4.6
27,108,61,2024-10-23 13:05:48,2.1
27,104,52,2024-12-02 13:05:48,
27,143,84,2024-12-19 13:05:48,4.2
27,128,42,2024-10-05 13:05:48,3.0
27,45,17,2024-10-07 13:05:48,2.9
28,176,58,2025-03-25 13:05:48,
28,68,18,2024-07-05 13:05:48,3.4
28,56,66,2025-04-01 13:05:48,2.9
28,69,34,2024-12-03 13:05:48,
28,12,40,2024-06-23 13:05:48,2.2
28,27,40,2024-07-08 13:05:48,2.2
28,32,57,2024-10-02 13:05:48,
28,124,73,2024-11-13 13:05:48,3.2
28,44,46,2024-05-29 13:05:48,3.3
28,62,43,2024-06-25 13:05:48,1.6
28,147,96,2024-10-26 13:05:48,2.3
28,81,43,2024-07-05 13:05:48,3.3
28,107,25,2025-03-07 13:05:48,4.9
28,76,56,2024-09-01 13:05:48,
28,13,43,2025-03-24 13:05:48,
29,159,83,2024-08-31 13:05:48,
29,86,61,2025-01-08 13:05:48,4.3
29,115,48,2025-03-27 13:05:48,2.7
29,48,70,2024-06-07 13:05:48,2.2
29,27,32,2025-01-20 13:05:48,
29,154,81,2024-11-16 13:05:48,1.6
29,164,37,2024-06-07 13:05:48,3.1
29,46,49,2025-03-04 13:05:48,1.2
29,156,63,2025-03-24 13:05:48,4.6
29,85,63,2024-10-23 13:05:48,4.5
29,151,11,2025-02-22 13:05:48,2.4
29,166,77,2024-08-19 13:05:48,1.8
29,150,30,2024-09-12 13:05:48,3.0
29,57,12,2024-08-27 13:05:48,3.2
29,65,68,2024-09-10 13:05:48,3.3
29,136,80,2024-05-10 13:05:48,1.7
29,43,90,2024-10-08 13:05:48,3.1
29,192,23,2024-05-03 13:05:48,
29,175,99,2024-10-05 13:05:48,
29,100,78,2025-04-17 13:05:48,
30,49,23,2025-02-17 13:05:48,
30,133,77,2024-07-23 13:05:48,3.6
30,16,53,2024-11-24 13:05:48,
30,164,91,2024-05-02 13:05:48,2.3
30,68,38,2025-01-08 13:05:48,1.7
30,59,57,2024-12-01 13:05:48,2.2
30,127,70,2025-04-11 13:05:48,
30,34,36,2024-08-26 13:05:48,3.9
30,9,24,2025-01-05 13:05:48,
30,76,70,2024-05-15 13:05:48,4.3
30,26,32,2024-12-24 13:05:48,3.6
30,72,86,2024-08-02 13:05:48,4.8
30,181,17,2025-02-28 13:05:48,
30,120,81,2024-08-14 13:05:48,4.9
30,177,100,2025-01-31 13:05:48,4.0
30,23,50,2024-05-13 13:05:48,5.0
30,103,59,2024-11-20 13:05:48,2.3
30,109,49,2024-05-02 13:05:48,
30,143,51,2024-05-20 13:05:48,2.8
31,89,38,2024-10-14 13:05:48,5.0
31,140,18,2025-02-25 13:05:48,4.3
31,7,14,2024-08-17 13:05:48,
31,178,83,2024-08-10 13:05:48,
31,195,49,2024-10-02 13:05:48,3.7
31,117,11,2025-02-08 13:05:48,4.7
31,153,95,2024-10-22 13:05:48,2.7
31,190,77,2025-01-08 13:05:48,2.9
31,40,15,2024-07-01 13:05:48,
31,135,87,2025-04-07 13:05:48,
31,109,48,2024-10-28 13:05:48,4.2
31,121,28,2024-07-19 13:05:48,1.3
31,44,44,2024-09-16 13:05:48,4.7
31,185,64,2024-07-20 13:05:48,4.1
31,193,16,2025-01-03 13:05:48,4.6
31,157,53,2024-12-14 13:05:48,
31,70,47,2024-12-05 13:05:48,
31,4,43,2025-02-08 13:05:48,2.9
31,100,42,2024-04-25 13:05:48,3.7
31,98,76,2024-09-13 13:05:48,2.6
31,82,60,2024-06-29 13:05:48,1.3
31,64,57,2024-12-21 13:05:48,
31,134,56,2024-11-16 13:05:48,3.9
31,124,85,2025-02-09 13:05:48,1.5
32,127,38,2024-06-27 13:05:48,4.7
32,102,16,2024-12-15 13:05:48,5.0
32,17,53,2025-02-24 13:05:48,1.6
32,150,64,2024-08-07 13:05:48,
32,7,62,2024-12-04 13:05:48,
32,133,93,2024-07-10 13:05:48,1.1
32,74,26,2025-01-22 13:05:48,1.8
32,8,21,2024-05-05 13:05:48,
32,125,60,2024-11-13 13:05:48,
32,16,83,2024-10-17 13:05:48,5.0
32,164,16,2025-01-25 13:05:48,3.8
32,49,36,2024-06-29 13:05:48,
32,155,52,2024-05-04 13:05:48,1.4
32,80,64,2024-06-26 13:05:48,
32,38,74,2024-09-25 13:05:48,5.0
32,173,18,2024-12-16 13:05:48,
32,120,10,2024-12-24 13:05:48,3.9
32,13,89,2024-12-20 13:05:48,
32,103,79,2024-06-04 13:05:48,
32,151,22,2024-06-02 13:05:48,1.1
32,185,10,2024-04-21 13:05:48,4.1
32,34,74,2025-02-15 13:05:48,2.0
32,113,63,2024-07-04 13:05:48,1.7
32,57,29,2024-08-18 13:05:48,4.5
32,169,35,2024-05-23 13:05:48,4.6
32,200,87,2024-10-24 13:05:48,2.8
32,58,14,2024-11-17 13:05:48,1.8
33,122,94,2024-09-05 13:05:48,1.6
33,138,60,2025-04-13 13:05:48,4.9
33,85,89,2024-10-02 13:05:48,
33,121,10,2024-12-28 13:05:48,1.2
33,168,70,2024-07-08 13:05:48,3.9
33,156,60,2024-09-02 13:05:48,
33,49,42,2024-12-07 13:05:48,4.3
33,55,13,2024-10-07 13:05:48,2.4
33,145,75,2025-02-06 13:05:48,
33,73,73,2024-06-13 13:05:48,4.4
33,30,57,2025-01-04 13:05:48,
33,163,83,2025-01-17 13:05:48,4.7
33,196,66,2024-07-21 13:05:48,
33,80,38,2024-12-29 13:05:48,3.2
33,118,18,2024-07-05 13:05:48,
33,17,53,2025-01-21 13:05:48,3.4
33,139,72,2024-08-15 13:05:48,3.6
33,146,86,2024-04-23 13:05:48,
33,188,63,2024-09-12 13:05:48,3.3
33,150,39,2024-12-12 13:05:48,2.8
33,102,42,2024-04-30 13:05:48,
33,135,42,2024-12-30 13:05:48,2.3
33,143,32,2025-02-16 13:05:48,1.0
33,134,33,2024-10-25 13:05:48,
34,62,49,2024-08-03 13:05:48,3.4
34,127,93,2025-03-08 13:05:48,3.9
34,56,51,2024-11-01 13:05:48,
34,178,10,2024-09-15 13:05:48,2.5
34,168,91,2024-05-01 13:05:48,1.5
34,120,52,2025-02-07 13:05:48,1.9
34,57,45,2024-11-04 13:05:48,1.0
35,56,26,2025-02-14 13:05:48,4.4
35,190,32,2024-07-29 13:05:48,
35,14,79,2024-09-23 13:05:48,4.1
35,104,75,2024-08-08 13:05:48,4.4
35,51,71,2025-03-01 13:05:48,
35,86,95,2024-08-06 13:05:48,4.1
35,172,16,2025-04-07 13:05:48,1.1
35,131,53,2024-08-13 13:05:48,
35,195,95,2024-07-17 13:05:48,2.7
35,82,64,2024-08-05 13:05:48,4.4
35,69,59,2025-02-16 13:05:48,
35,36,22,2025-04-21 13:05:48,
35,116,20,2024-09-26 13:05:48,3.4
35,132,30,2025-01-18 13:05:48,4.1
35,66,53,2024-08-01 13:05:48,4.0
35,181,95,2024-09-11 13:05:48,
35,174,37,2025-03-13 13:05:48,2.0
35,118,95,2025-04-02 13:05:48,2.3
35,148,16,2025-02-20 13:05:48,
35,13,39,2025-03-10 13:05:48,4.8
35,43,75,2025-03-09 13:05:48,2.9
35,33,51,2025-03-27 13:05:48,2.6
35,10,30,2025-04-02 13:05:48,3.5
35,67,14,2025-02-21 13:05:48,4.1
36,50,97,2024-05-08 13:05:48,2.9
36,95,11,2024-11-10 13:05:48,
36,177,32,2024-07-04 13:05:48,4.4
36,104,32,2024-06-06 13:05:48,
36,70,98,2024-07-31 13:05:48,
36,178,68,2024-05-08 13:05:48,
36,89,79,2025-01-30 13:05:48,4.8
36,48,55,2025-04-17 13:05:48,1.5
36,196,22,2024-08-27 13:05:48,4.6
36,47,78,2025-01-11 13:05:48,4.6
36,81,94,2024-11-16 13:05:48,
36,108,95,2025-04-01 13:05:48,1.4
36,98,54,2025-01-25 13:05:48,
36,77,86,2025-03-12 13:05:48,
36,194,77,2025-01-07 13:05:48,
36,118,60,2025-01-21 13:05:48,
36,90,79,2024-08-23 13:05:48,
36,163,78,2024-12-26 13:05:48,
36,110,32,2024-08-15 13:05:48,1.4
36,41,30,2024-07-17 13:05:48,4.5
36,101,96,2024-04-21 13:05:48,
36,20,28,2024-12-13 13:05:48,2.4
36,32,25,2024-06-21 13:05:48,
36,151,12,2025-04-19 13:05:48,3.2
36,80,84,2024-07-24 13:05:48,2.2
36,170,50,2025-02-11 13:05:48,1.9
36,200,26,2024-09-12 13:05:48,4.8
36,184,14,2024-11-25 13:05:48,
37,8,54,2024-11-30 13:05:48,
37,200,56,2025-03-12 13:05:48,2.4
37,175,34,2024-10-09 13:05:48,
37,92,42,2024-12-31 13:05:48,
37,54,97,2024-11-06 13:05:48,
37,169,40,2024-08-06 13:05:48,3.6
37,142,50,2024-05-16 13:05:48,3.0
37,22,70,2025-01-26 13:05:48,3.4
37,21,79,2025-02-20 13:05:48,2.2
37,136,10,2024-04-23 13:05:48,1.1
37,140,91,2024-06-24 13:05:48,5.0
37,192,38,2024-12-11 13:05:48,4.4
37,154,51,2024-04-29 13:05:48,
37,12,55,2025-01-28 13:05:48,2.0
37,179,29,2025-04-01 13:05:48,2.8
37,13,34,2024-11-03 13:05:48,3.7
37,91,23,2024-12-16 13:05:48,1.7
37,1,10,2025-04-12 13:05:48,
37,80,29,2025-02-12 13:05:48,1.7
37,65,89,2024-05-04 13:05:48,2.4
37,104,11,2024-12-25 13:05:48,
37,73,80,2025-02-02 13:05:48,
37,15,61,2025-01-03 13:05:48,2.5
37,148,94,2024-05-29 13:05:48,4.9
37,27,46,2024-11-08 13:05:48,2.9
37,119,14,2024-12-02 13:05:48,3.2
37,131,84,2024-06-23 13:05:48,5.0
38,120,99,2024-12-10 13:05:48,3.8
38,59,53,2025-01-26 13:05:48,3.4
38,187,81,2024-08-05 13:05:48,4.9
38,124,63,2024-09-25 13:05:48,
38,8,60,2024-11-18 13:05:48,1.9
39,51,59,2024-05-07 13:05:48,
39,172,63,2025-01-24 13:05:48,2.4
39,180,60,2025-03-27 13:05:48,2.7
39,70,21,2025-01-16 13:05:48,
39,43,33,2024-09-28 13:05:48,1.8
39,166,26,2024-11-24 13:05:48,3.6
39,186,40,2025-02-21 13:05:48,2.5
39,20,79,2025-02-25 13:05:48,3.8
39,55,22,2024-05-20 13:05:48,3.8
39,142,87,2024-08-26 13:05:48,1.5
39,160,93,2024-09-25 13:05:48,2.9
39,149,60,2024-07-05 13:05:48,
40,57,21,2024-10-03 13:05:48,
40,168,59,2025-03-15 13:05:48,
40,138,29,2024-06-24 13:05:48,2.2
40,74,85,2024-12-21 13:05:48,
40,170,56,2024-08-19 13:05:48,
40,61,53,2024-12-31 13:05:48,
40,16,33,2024-05-15 13:05:48,3.1
40,94,21,2024-09-15 13:05:48,4.3
40,88,25,2025-02-17 13:05:48,3.5
40,167,15,2024-11-03 13:05:48,
40,113,56,2025-01-05 13:05:48,3.9
40,189,37,2024-08-20 13:05:48,
40,1,91,2024-08-06 13:05:48,
40,175,35,2024-08-18 13:05:48,4.8
40,86,69,2024-06-09 13:05:48,1.2
40,193,87,2024-04-27 13:05:48,
40,10,97,2024-04-21 13:05:48,4.0
40,186,46,2024-08-13 13:05:48,
40,46,27,2025-01-25 13:05:48,2.5
40,174,47,2024-12-08 13:05:48,4.0
40,194,88,2024-08-02 13:05:48,3.5
40,14,22,2024-11-22 13:05:48,4.0
40,145,28,2024-06-05 13:05:48,4.3
40,180,63,2024-04-23 13:05:48,4.3
40,122,97,2024-06-05 13:05:48,
40,47,54,2025-04-12 13:05:48,
40,108,16,2025-04-01 13:05:48,4.9
40,97,20,2024-08-16 13:05:48,
41,139,52,2024-10-01 13:05:48,3.3
41,190,73,2024-10-22 13:05:48,
41,51,42,2024-11-15 13:05:48,
41,53,34,2024-06-01 13:05:48,4.5
41,24,77,2024-06-08 13:05:48,1.7
41,175,50,2025-01-11 13:05:48,2.3
41,155,51,2025-04-02 13:05:48,3.7
41,187,57,2024-04-28 13:05:48,4.9
41,118,45,2024-09-19 13:05:48,
41,192,37,2024-07-21 13:05:48,4.6
41,184,71,2024-05-04 13:05:48,1.8
41,36,18,2024-11-27 13:05:48,
42,130,22,2024-12-19 13:05:48,1.4
42,74,16,2024-06-13 13:05:48,2.2
42,111,19,2024-11-17 13:05:48,
42,125,75,2025-02-17 13:05:48,1.0
42,142,100,2025-02-13 13:05:48,2.9
42,4,67,2024-10-12 13:05:48,2.4
42,196,73,2024-09-09 13:05:48,
42,169,94,2024-12-04 13:05:48,3.9
42,13,75,2025-02-26 13:05:48,2.6
42,178,55,2024-05-01 13:05:48,4.1
42,92,20,2024-06-29 13:05:48,2.4
42,76,55,2024-09-25 13:05:48,
42,46,20,2025-03-02 13:05:48,
42,64,21,2025-02-21 13:05:48,
42,23,65,2024-05-20 13:05:48,1.9
42,118,26,2024-06-14 13:05:48,1.2
42,90,65,2025-04-11 13:05:48,4.7
42,79,18,2024-07-15 13:05:48,3.6
42,58,87,2024-08-08 13:05:48,2.4
42,188,53,2024-11-23 13:05:48,4.9
42,168,100,2024-09-05 13:05:48,4.0
43,100,97,2024-08-12 13:05:48,2.9
43,184,38,2024-08-02 13:05:48,2.1
43,187,27,2024-12-06 13:05:48,4.6
43,45,53,2024-07-03 13:05:48,3.8
43,153,50,2025-03-12 13:05:48,2.2
43,189,50,2024-10-06 13:05:48,2.2
43,49,91,2024-08-08 13:05:48,1.2
43,76,64,2024-09-05 13:05:48,3.8
43,113,24,2025-04-11 13:05:48,
43,183,51,2024-12-25 13:05:48,4.8
43,196,49,2025-01-12 13:05:48,1.5
43,24,52,2024-11-29 13:05:48,4.1
43,12,49,2025-03-27 13:05:48,
43,111,24,2025-02-19 13:05:48,2.5
43,197,12,2024-07-21 13:05:48,3.0
43,99,12,2025-01-29 13:05:48,2.4
43,164,60,2024-05-12 13:05:48,1.1
43,132,78,2024-11-16 13:05:48,
43,16,85,2025-01-24 13:05:48,1.5
43,191,93,2025-01-05 13:05:48,2.1
43,176,90,2024-08-28 13:05:48,4.7
43,180,40,2024-10-13 13:05:48,3.6
43,11,92,2024-12-07 13:05:48,2.1
43,127,90,2024-07-09 13:05:48,4.4
44,80,36,2024-06-15 13:05:48,2.6
44,56,57,2024-09-15 13:05:48,2.0
44,133,66,2024-09-28 13:05:48,
44,109,20,2025-03-25 13:05:48,4.3
44,101,75,2024-10-11 13:05:48,1.3
44,108,86,2025-02-18 13:05:48,3.9
44,95,47,2024-05-15 13:05:48,
44,149,54,2025-02-26 13:05:48,4.2
44,31,38,2025-01-14 13:05:48,
44,153,98,2024-08-06 13:05:48,
44,177,73,2024-08-29 13:05:48,2.6
44,146,15,2025-01-22 13:05:48,
44,81,65,2024-05-28 13:05:48,4.3
44,183,15,2024-06-07 13:05:48,2.1
44,176,20,2024-12-28 13:05:48,
44,6,23,2025-04-12 13:05:48,
44,155,51,2024-09-16 13:05:48,
44,3,39,2024-10-10 13:05:48,1.7
44,128,84,2025-01-10 13:05:48,
44,77,12,2025-04-11 13:05:48,
44,120,64,2024-08-29 13:05:48,2.0
45,145,12,2024-04-27 13:05:48,2.2
45,103,71,2024-08-29 13:05:48,3.1
45,38,81,2024-05-30 13:05:48,1.1
45,70,82,2024-12-14 13:05:48,1.8
45,18,97,2024-06-04 13:05:48,3.6
46,119,93,2025-02-13 13:05:48,4.0
46,127,73,2025-03-31 13:05:48,1.1
46,172,62,2024-09-04 13:05:48,
46,7,82,2024-05-25 13:05:48,3.1
46,113,79,2024-07-29 13:05:48,
46,111,59,2024-06-29 13:05:48,3.1
46,151,28,2025-03-19 13:05:48,
46,83,33,2025-03-15 13:05:48,1.2
46,85,24,2025-03-19 13:05:48,4.4
46,104,29,2024-10-04 13:05:48,
46,156,69,2024-06-29 13:05:48,4.4
46,67,24,2024-05-18 13:05:48,1.7
46,59,36,2025-04-16 13:05:48,3.8
46,186,76,2024-11-26 13:05:48,4.8
46,174,12,2024-11-19 13:05:48,
46,73,86,2025-02-24 13:05:48,3.1
46,153,96,2025-03-19 13:05:48,
47,55,39,2024-05-03 13:05:48,1.8
47,37,77,2024-08-27 13:05:48,
47,117,11,2025-04-21 13:05:48,4.6
47,82,28,2025-04-17 13:05:48,2.9
47,190,81,2024-09-10 13:05:48,
47,167,14,2024-12-25 13:05:48,1.1
47,140,77,2024-04-24 13:05:48,2.5
47,107,29,2024-05-07 13:05:48,3.2
47,111,91,2024-11-05 13:05:48,
47,32,85,2025-01-11 13:05:48,1.3
47,113,41,2024-09-26 13:05:48,
47,120,50,2024-05-27 13:05:48,2.3
47,92,10,2024-10-06 13:05:48,2.5
47,171,45,2025-01-18 13:05:48,
47,42,60,2024-06-20 13:05:48,4.0
47,169,87,2024-09-24 13:05:48,
47,38,59,2024-05-14 13:05:48,5.0
47,98,48,2024-08-25 13:05:48,4.1
47,197,98,2024-08-15 13:05:48,
47,58,81,2024-05-16 13:05:48,1.2
47,160,35,2024-10-06 13:05:48,1.5
47,166,82,2025-04-13 13:05:48,
47,184,33,2025-04-08 13:05:48,1.3
47,100,64,2024-11-24 13:05:48,
47,27,70,2024-08-29 13:05:48,3.9
47,25,54,2024-05-19 13:05:48,1.5
47,125,68,2024-09-22 13:05:48,1.3
47,164,41,2025-03-17 13:05:48,3.6
48,105,43,2024-09-13 13:05:48,1.0
48,6,22,2025-04-05 13:05:48,4.0
48,4,83,2025-02-25 13:05:48,
48,166,97,2024-09-04 13:05:48,
48,150,30,2025-04-01 13:05:48,
48,83,26,2024-08-08 13:05:48,1.4
48,75,22,2024-08-11 13:05:48,
48,65,68,2025-03-25 13:05:48,3.1
49,188,96,2024-12-20 13:05:48,4.1
49,78,42,2024-06-25 13:05:48,4.2
49,137,74,2024-08-05 13:05:48,2.4
49,7,51,2024-06-06 13:05:48,2.5
49,131,71,2025-02-21 13:05:48,
49,13,71,2025-03-03 13:05:48,
49,138,50,2024-05-03 13:05:48,3.8
49,88,21,2024-08-28 13:05:48,1.3
49,144,56,2025-04-17 13:05:48,2.5
49,172,23,2024-06-01 13:05:48,2.9
49,153,91,2024-07-04 13:05:48,2.9
49,103,83,2024-12-19 13:05:48,
49,27,26,2024-05-12 13:05:48,4.5
49,21,84,2025-03-04 13:05:48,4.6
49,91,27,2024-07-18 13:05:48,
49,191,97,2024-10-07 13:05:48,
49,160,86,2024-12-06 13:05:48,1.1
50,73,11,2025-02-26 13:05:48,1.2
50,175,84,2024-09-07 13:05:48,4.2
50,129,63,2025-03-22 13:05:48,4.8
50,132,27,2025-02-02 13:05:48,
50,5,42,2024-07-09 13:05:48,1.8
50,170,25,2025-03-10 13:05:48,
50,192,15,2024-08-18 13:05:48,2.7
50,124,71,2024-12-19 13:05:48,2.8
50,47,15,2024-05-13 13:05:48,3.1
50,24,29,2025-01-30 13:05:48,1.5
50,88,20,2025-02-08 13:05:48,4.9
50,197,59,2024-06-25 13:05:48,
51,118,37,2024-09-04 13:05:48,3.3
51,195,22,2024-12-13 13:05:48,
51,110,46,2024-07-12 13:05:48,2.4
51,130,32,2024-09-10 13:05:48,
51,117,88,2024-09-04 13:05:48,
51,177,31,2025-02-17 13:05:48,1.4
51,129,91,2024-07-07 13:05:48,4.4
51,164,60,2024-11-06 13:05:48,3.9
51,11,81,2024-10-05 13:05:48,4.2
51,97,44,2024-11-11 13:05:48,
51,161,97,2025-03-15 13:05:48,2.4
51,190,73,2025-01-27 13:05:48,
51,142,53,2025-01-03 13:05:48,3.3
51,197,65,2024-09-07 13:05:48,
51,68,59,2025-01-06 13:05:48,2.5
51,53,71,2024-08-18 13:05:48,3.5
51,109,31,2025-03-01 13:05:48,
51,127,47,2025-03-17 13:05:48,3.2
51,148,97,2025-01-21 13:05:48,3.8
51,83,14,2025-03-03 13:05:48,1.4
51,1,34,2025-04-16 13:05:48,
51,141,87,2024-08-08 13:05:48,2.3
51,123,57,2025-02-19 13:05:48,4.3
52,102,37,2024-06-27 13:05:48,3.7
52,21,25,2024-11-17 13:05:48,
52,119,54,2024-09-06 13:05:48,3.9
52,200,82,2024-12-15 13:05:48,2.7
52,72,80,2025-03-27 13:05:48,4.6
52,58,84,2025-02-26 13:05:48,1.2
52,20,97,2024-08-20 13:05:48,1.8
52,17,53,2024-04-23 13:05:48,2.1
52,151,42,2024-09-18 13:05:48,
52,97,63,2024-09-28 13:05:48,
52,115,60,2024-05-09 13:05:48,4.1
52,137,48,2024-10-11 13:05:48,3.0
52,85,36,2025-03-17 13:05:48,3.2
52,86,52,2024-05-30 13:05:48,
52,6,30,2024-11-30 13:05:48,4.0
52,153,87,2024-11-07 13:05:48,4.9
52,152,22,2024-07-25 13:05:48,3.1
53,128,73,2025-01-03 13:05:48,4.7
53,88,38,2024-06-18 13:05:48,
53,150,38,2024-11-06 13:05:48,2.7
53,70,53,2024-07-25 13:05:48,2.0
53,178,40,2025-03-25 13:05:48,
53,194,62,2024-06-05 13:05:48,2.9
53,44,79,2024-10-23 13:05:48,2.7
53,29,42,2024-11-11 13:05:48,2.6
53,54,28,2025-03-16 13:05:48,1.2
53,34,90,2025-02-17 13:05:48,
53,72,14,2024-10-12 13:05:48,2.6
53,15,69,2024-04-21 13:05:48,
53,81,52,2025-03-18 13:05:48,2.2
53,111,100,2024-07-10 13:05:48,4.9
53,82,24,2024-05-07 13:05:48,2.6
54,44,34,2024-11-11 13:05:48,1.8
54,161,71,2024-06-15 13:05:48,4.0
54,36,76,2024-07-22 13:05:48,1.4
54,12,77,2025-02-06 13:05:48,
54,132,63,2025-01-30 13:05:48,
54,49,100,2025-02-07 13:05:48,1.1
54,149,39,2025-01-22 13:05:48,1.9
54,82,37,2024-06-25 13:05:48,
54,108,84,2024-09-05 13:05:48,2.7
54,69,75,2024-05-26 13:05:48,2.0
54,2,63,2024-07-22 13:05:48,1.9
54,170,29,2024-06-30 13:05:48,
54,151,69,2025-01-17 13:05:48,1.2
54,139,44,2024-06-25 13:05:48,1.8
54,14,22,2024-11-07 13:05:48,3.1
54,107,89,2024-05-28 13:05:48,
54,40,89,2024-08-03 13:05:48,4.4
54,135,64,2024-07-08 13:05:48,2.1
54,87,99,2024-12-07 13:05:48,
54,176,79,2025-01-23 13:05:48,4.5
54,105,66,2024-11-05 13:05:48,
54,35,33,2024-07-25 13:05:48,2.6
55,36,100,2024-11-21 13:05:48,2.5
55,67,72,2024-12-09 13:05:48,5.0
55,9,54,2025-04-07 13:05:48,
55,16,59,2024-04-26 13:05:48,4.5
55,98,28,2024-09-05 13:05:48,3.0
55,22,82,2025-01-16 13:05:48,1.4
55,47,44,2024-12-26 13:05:48,2.2
55,73,34,2024-04-24 13:05:48,
55,70,80,2025-04-03 13:05:48,4.8
55,42,88,2024-12-28 13:05:48,1.5
55,146,77,2025-04-21 13:05:48,1.0
55,190,73,2025-03-30 13:05:48,2.7
56,160,30,2024-11-16 13:05:48,3.2
56,37,97,2024-11-22 13:05:48,2.6
56,91,90,2025-02-13 13:05:48,2.3
56,65,70,2024-07-06 13:05:48,4.5
56,108,23,2024-07-26 13:05:48,4.4
56,109,55,2024-09-25 13:05:48,3.4
56,101,28,2024-05-28 13:05:48,
56,52,74,2024-06-09 13:05:48,
56,35,46,2025-02-20 13:05:48,4.9
56,122,98,2025-02-17 13:05:48,
56,48,43,2024-06-23 13:05:48,2.6
56,50,92,2025-04-04 13:05:48,4.2
56,138,65,2024-05-17 13:05:48,2.7
56,115,85,2024-08-04 13:05:48,
56,180,58,2024-09-05 13:05:48,
56,8,82,2025-02-03 13:05:48,4.9
56,132,27,2025-01-17 13:05:48,4.7
56,192,60,2025-04-02 13:05:48,
56,169,25,2025-04-07 13:05:48,1.3
56,114,89,2025-03-13 13:05:48,
56,14,74,2024-08-22 13:05:48,
56,156,11,2024-08-25 13:05:48,5.0
56,81,74,2025-02-16 13:05:48,1.2
56,33,70,2024-06-08 13:05:48,3.6
56,86,70,2024-05-05 13:05:48,
57,105,69,2025-02-16 13:05:48,3.3
57,198,45,2024-11-19 13:05:48,4.1
57,82,31,2024-08-14 13:05:48,3.8
57,147,58,2024-05-04 13:05:48,4.0
57,75,14,2024-06-03 13:05:48,4.4
57,194,79,2024-08-07 13:05:48,
57,101,87,2024-05-14 13:05:48,
57,152,11,2024-04-23 13:05:48,2.9
57,124,45,2024-08-23 13:05:48,
57,92,80,2025-01-03 13:05:48,4.0
57,9,67,2024-10-24 13:05:48,2.7
57,149,54,2024-08-26 13:05:48,4.6
57,169,67,2024-07-30 13:05:48,3.9
57,93,92,2025-04-19 13:05:48,1.0
57,130,57,2024-07-12 13:05:48,
57,153,30,2025-03-17 13:05:48,4.6
57,96,91,2025-03-11 13:05:48,2.5
57,84,69,2025-03-27 13:05:48,4.2
57,5,93,2025-01-21 13:05:48,2.5
57,21,55,2024-12-29 13:05:48,1.8
57,99,47,2024-12-14 13:05:48,2.5
57,48,59,2025-04-05 13:05:48,
57,159,84,2025-02-01 13:05:48,3.4
57,51,52,2025-02-25 13:05:48,4.8
57,80,46,2024-06-08 13:05:48,3.4
57,39,74,2024-07-20 13:05:48,1.5
57,170,40,2025-01-02 13:05:48,1.9
58,132,87,2024-12-25 13:05:48,4.7
58,176,29,2024-10-27 13:05:48,4.4
58,7,65,2025-03-03 13:05:48,1.1
58,119,59,2025-01-08 13:05:48,2.6
58,44,58,2024-05-18 13:05:48,2.2
58,93,75,2024-07-19 13:05:48,4.6
58,34,63,2024-05-31 13:05:48,3.5
58,181,25,2024-09-05 13:05:48,1.0
58,72,42,2025-01-14 13:05:48,
58,50,22,2024-08-23 13:05:48,1.9
58,121,49,2024-09-16 13:05:48,1.6
58,66,12,2024-07-24 13:05:48,2.3
58,85,16,2024-07-25 13:05:48,
58,171,95,2024-11-05 13:05:48,1.7
58,114,61,2024-07-07 13:05:48,3.7
58,189,15,2024-08-10 13:05:48,1.9
58,91,74,2024-08-26 13:05:48,2.5
58,149,26,2025-04-13 13:05:48,3.5
58,46,84,2025-03-08 13:05:48,2.3
58,94,94,2025-03-19 13:05:48,3.5
58,69,83,2024-05-26 13:05:48,3.3
58,71,52,2024-11-18 13:05:48,3.4
58,115,83,2025-01-02 13:05:48,
58,163,11,2024-07-06 13:05:48,
58,153,41,2025-02-08 13:05:48,1.6
58,154,65,2025-03-30 13:05:48,2.8
58,197,91,2024-12-17 13:05:48,2.7
58,75,12,2024-09-18 13:05:48,
58,74,91,2024-08-17 13:05:48,
59,127,82,2024-09-17 13:05:48,3.8
59,43,11,2024-10-13 13:05:48,4.6
59,22,67,2024-08-10 13:05:48,
59,131,47,2024-08-20 13:05:48,4.4
59,69,62,2024-11-06 13:05:48,3.2
59,99,67,2024-12-21 13:05:48,3.1
59,118,15,2024-05-20 13:05:48,1.4
59,146,83,2024-10-13 13:05:48,2.7
59,10,53,2025-01-19 13:05:48,
59,184,41,2025-04-01 13:05:48,4.6
59,15,58,2024-06-01 13:05:48,4.3
59,195,59,2025-01-22 13:05:48,2.3
59,167,68,2024-07-17 13:05:48,1.4
59,25,46,2024-07-23 13:05:48,4.8
59,151,45,2024-04-28 13:05:48,3.6
59,65,83,2024-04-26 13:05:48,2.1
59,199,76,2025-01-19 13:05:48,4.0
59,170,72,2024-06-27 13:05:48,1.8
59,32,74,2025-04-10 13:05:48,3.8
59,46,34,2025-01-04 13:05:48,2.7
59,189,47,2024-06-08 13:05:48,
59,56,18,2025-03-27 13:05:48,1.0
59,197,85,2024-05-09 13:05:48,3.5
59,12,81,2024-07-18 13:05:48,3.1
59,42,98,2024-09-16 13:05:48,1.7
59,8,13,2025-01-27 13:05:48,2.1
60,136,100,2025-01-07 13:05:48,1.6
60,119,87,2024-09-07 13:05:48,
60,151,94,2025-04-15 13:05:48,4.9
60,122,11,2025-04-10 13:05:48,1.1
60,123,76,2024-10-10 13:05:48,2.1
60,143,94,2025-02-25 13:05:48,2.7
60,167,66,2025-02-14 13:05:48,2.9
60,154,75,2025-04-03 13:05:48,2.6
60,61,40,2024-08-24 13:05:48,
60,114,98,2024-12-05 13:05:48,4.3
60,82,12,2024-05-11 13:05:48,
60,31,45,2024-09-30 13:05:48,
60,53,54,2024-09-06 13:05:48,3.0
60,105,56,2024-07-08 13:05:48,
60,192,56,2025-03-04 13:05:48,3.0
60,142,36,2024-08-12 13:05:48,1.9
61,44,14,2024-06-11 13:05:48,4.9
61,56,43,2024-06-01 13:05:48,1.5
61,87,33,2025-02-02 13:05:48,
61,143,38,2025-01-25 13:05:48,3.1
61,102,63,2024-07-14 13:05:48,4.9
61,54,16,2024-09-17 13:05:48,
61,96,61,2024-12-18 13:05:48,2.4
61,34,22,2025-01-27 13:05:48,4.1
61,170,26,2025-02-04 13:05:48,
61,86,77,2024-11-27 13:05:48,
61,20,93,2024-08-23 13:05:48,1.1
61,16,25,2024-09-11 13:05:48,4.2
61,11,41,2025-02-18 13:05:48,2.0
61,157,11,2024-09-08 13:05:48,2.0
61,132,12,2024-12-14 13:05:48,
62,133,18,2025-02-24 13:05:48,2.2
62,62,68,2024-12-25 13:05:48,3.4
62,178,25,2024-12-21 13:05:48,1.2
62,10,71,2025-01-14 13:05:48,
62,33,81,2024-09-27 13:05:48,
62,17,62,2024-10-16 13:05:48,3.0
62,149,38,2024-06-14 13:05:48,
62,54,36,2024-05-17 13:05:48,1.5
62,32,71,2025-03-04 13:05:48,4.6
62,103,56,2024-06-25 13:05:48,4.6
62,72,15,2024-09-20 13:05:48,
62,8,80,2024-10-05 13:05:48,2.3
62,23,84,2025-01-03 13:05:48,2.6
62,131,31,2024-05-11 13:05:48,1.2
62,108,84,2024-05-31 13:05:48,4.6
62,76,19,2025-01-11 13:05:48,
62,90,29,2024-08-15 13:05:48,1.9
62,78,11,2024-10-20 13:05:48,2.2
62,151,90,2025-03-20 13:05:48,
62,28,44,2024-07-03 13:05:48,1.8
62,194,80,2024-08-29 13:05:48,1.4
62,193,12,2024-06-02 13:05:48,2.0
62,118,52,2024-11-27 13:05:48,3.4
62,116,10,2025-01-05 13:05:48,4.0
62,136,12,2025-01-08 13:05:48,
63,158,98,2024-10-16 13:05:48,1.8
63,18,69,2025-02-26 13:05:48,
63,40,43,2025-02-02 13:05:48,
63,179,97,2025-01-24 13:05:48,1.4
63,129,20,2024-06-02 13:05:48,
63,159,25,2024-10-24 13:05:48,2.0
63,148,91,2024-10-05 13:05:48,
63,26,13,2024-08-03 13:05:48,3.9
64,128,48,2024-07-05 13:05:48,1.2
64,82,66,2025-01-20 13:05:48,3.0
64,94,46,2024-08-06 13:05:48,
64,84,43,2025-04-04 13:05:48,1.9
64,92,96,2024-10-04 13:05:48,4.2
64,33,48,2024-12-07 13:05:48,4.1
64,48,24,2025-03-07 13:05:48,3.1
64,129,83,2025-02-05 13:05:48,1.1
64,71,16,2025-04-16 13:05:48,
64,79,55,2024-10-12 13:05:48,2.3
64,135,44,2024-12-14 13:05:48,3.0
64,40,13,2024-08-20 13:05:48,3.1
64,101,81,2024-10-19 13:05:48,1.3
64,182,56,2024-07-23 13:05:48,4.1
64,5,46,2024-09-26 13:05:48,1.9
64,154,48,2024-12-06 13:05:48,1.4
64,186,14,2024-09-09 13:05:48,
64,21,58,2025-02-14 13:05:48,1.5
64,23,97,2024-07-03 13:05:48,2.1
64,194,79,2025-01-13 13:05:48,
65,54,59,2024-10-25 13:05:48,2.5
65,57,56,2024-08-05 13:05:48,4.1
65,7,41,2024-11-18 13:05:48,3.6
65,12,41,2024-08-13 13:05:48,
65,106,96,2024-08-13 13:05:48,4.5
65,18,68,2024-09-03 13:05:48,
65,122,81,2024-05-16 13:05:48,4.7
65,14,20,2024-07-14 13:05:48,2.9
65,29,27,2024-12-03 13:05:48,2.2
65,114,10,2024-06-06 13:05:48,
65,58,26,2025-03-10 13:05:48,
66,173,37,2024-09-30 13:05:48,
66,198,51,2024-12-18 13:05:48,2.2
66,116,68,2025-02-12 13:05:48,
66,57,63,2024-04-25 13:05:48,
66,150,83,2025-02-14 13:05:48,1.2
66,193,37,2024-06-19 13:05:48,
66,157,60,2025-01-03 13:05:48,3.3
66,16,25,2025-01-05 13:05:48,
66,164,85,2024-08-05 13:05:48,
66,185,10,2024-07-27 13:05:48,
67,198,57,2024-04-26 13:05:48,4.1
67,9,61,2024-12-28 13:05:48,1.4
67,111,30,2024-12-20 13:05:48,5.0
67,47,74,2024-08-28 13:05:48,1.6
67,165,31,2024-06-19 13:05:48,1.9
67,183,80,2025-02-23 13:05:48,4.3
67,65,44,2025-03-24 13:05:48,
67,143,80,2025-03-19 13:05:48,4.2
67,105,77,2024-05-30 13:05:48,4.7
67,21,48,2024-05-06 13:05:48,3.9
67,140,22,2025-04-14 13:05:48,1.5
67,180,97,2024-12-11 13:05:48,1.5
68,123,48,2024-09-24 13:05:48,3.8
68,83,77,2024-12-22 13:05:48,2.3
68,151,70,2024-04-28 13:05:48,4.0
68,96,54,2024-05-05 13:05:48,
68,92,86,2024-10-27 13:05:48,3.4
68,21,73,2025-03-26 13:05:48,1.0
68,167,48,2025-01-08 13:05:48,4.5
68,156,57,2024-05-27 13:05:48,
68,99,34,2024-12-30 13:05:48,2.1
68,55,50,2024-08-26 13:05:48,4.7
68,35,20,2024-09-27 13:05:48,1.3
68,127,14,2024-08-09 13:05:48,1.5
68,66,71,2024-07-26 13:05:48,1.6
68,126,78,2024-05-20 13:05:48,
68,182,11,2024-04-29 13:05:48,2.0
68,100,56,2024-07-12 13:05:48,4.0
68,22,48,2024-08-17 13:05:48,1.7
68,97,89,2024-10-20 13:05:48,
68,82,77,2025-02-17 13:05:48,
68,124,93,2024-05-06 13:05:48,2.6
68,125,24,2024-07-23 13:05:48,4.9
68,9,98,2025-01-04 13:05:48,1.5
68,121,47,2024-10-01 13:05:48,4.2
68,26,63,2025-03-28 13:05:48,1.6
68,12,10,2024-06-19 13:05:48,4.4
69,19,17,2024-07-08 13:05:48,4.4
69,119,18,2024-06-01 13:05:48,1.3
69,42,81,2025-04-17 13:05:48,
69,63,41,2024-08-12 13:05:48,4.3
69,170,77,2024-12-31 13:05:48,3.4
69,102,96,2024-12-06 13:05:48,4.4
69,144,39,2025-01-22 13:05:48,1.0
69,101,97,2025-04-21 13:05:48,3.6
69,82,23,2024-08-16 13:05:48,3.8
69,160,55,2024-06-05 13:05:48,1.6
69,3,29,2025-01-25 13:05:48,3.5
69,75,18,2025-03-25 13:05:48,
69,58,70,2025-01-22 13:05:48,4.4
69,95,45,2024-07-31 13:05:48,3.9
69,127,19,2024-08-30 13:05:48,4.8
69,161,29,2024-06-22 13:05:48,
69,194,37,2024-12-18 13:05:48,2.3
69,47,14,2024-09-13 13:05:48,3.9
69,9,86,2024-06-23 13:05:48,4.3
69,148,84,2024-10-31 13:05:48,1.4
69,149,87,2024-09-02 13:05:48,2.1
69,39,86,2024-11-05 13:05:48,
69,186,88,2024-10-16 13:05:48,4.6
69,38,28,2024-12-30 13:05:48,
69,13,16,2024-08-04 13:05:48,
69,41,15,2025-03-15 13:05:48,4.7
69,52,49,2025-03-21 13:05:48,2.6
69,187,47,2025-04-01 13:05:48,2.6
69,184,70,2025-03-11 13:05:48,2.0
69,197,16,2024-08-09 13:05:48,3.5
70,60,39,2025-02-08 13:05:48,
70,76,85,2024-05-10 13:05:48,3.6
70,46,48,2024-10-16 13:05:48,2.4
70,31,20,2024-07-28 13:05:48,1.7
70,115,79,2024-06-06 13:05:48,1.6
70,168,52,2024-05-25 13:05:48,2.6
70,101,73,2025-02-14 13:05:48,3.7
70,145,49,2024-09-23 13:05:48,3.7
70,137,83,2025-03-08 13:05:48,4.7
70,83,25,2024-06-13 13:05:48,2.4
70,102,36,2024-05-13 13:05:48,
70,39,98,2025-04-15 13:05:48,
70,130,47,2024-10-07 13:05:48,
70,150,26,2024-11-09 13:05:48,2.0
70,112,71,2024-10-31 13:05:48,
70,34,30,2025-01-31 13:05:48,1.9
70,95,84,2024-09-25 13:05:48,3.3
70,118,77,2024-09-12 13:05:48,3.3
70,104,82,2025-01-01 13:05:48,4.0
70,94,51,2024-09-14 13:05:48,
70,74,22,2024-09-16 13:05:48,2.5
70,58,59,2024-05-09 13:05:48,3.4
70,20,54,2024-11-07 13:05:48,
71,10,61,2025-01-15 13:05:48,
71,161,61,2025-03-06 13:05:48,
71,166,42,2025-03-08 13:05:48,1.3
71,67,65,2025-03-09 13:05:48,
71,153,100,2025-02-27 13:05:48,
71,20,80,2024-10-27 13:05:48,4.0
71,21,46,2025-04-05 13:05:48,3.2
71,190,72,2024-10-26 13:05:48,
71,110,32,2025-03-10 13:05:48,4.5
71,165,19,2025-02-27 13:05:48,2.0
71,116,76,2024-11-16 13:05:48,2.3
71,74,13,2024-05-28 13:05:48,3.6
71,108,95,2025-01-26 13:05:48,
71,60,37,2025-02-18 13:05:48,2.5
71,109,46,2024-09-02 13:05:48,3.0
71,141,94,2025-02-18 13:05:48,3.6
71,147,44,2024-11-17 13:05:48,
71,150,20,2024-06-26 13:05:48,
71,199,52,2025-03-22 13:05:48,
71,200,11,2025-03-26 13:05:48,
71,56,49,2024-08-09 13:05:48,1.5
71,142,28,2024-12-15 13:05:48,3.2
71,187,71,2025-01-05 13:05:48,
71,123,35,2024-10-09 13:05:48,1.8
71,17,56,2025-02-18 13:05:48,
71,6,32,2024-08-24 13:05:48,3.6
71,164,51,2024-09-13 13:05:48,3.9
71,127,33,2024-09-14 13:05:48,
71,172,98,2025-04-05 13:05:48,1.2
71,173,83,2025-03-07 13:05:48,4.8
72,25,61,2024-11-07 13:05:48,3.3
72,78,39,2024-04-28 13:05:48,4.8
72,19,62,2025-01-04 13:05:48,
72,186,55,2024-12-17 13:05:48,1.5
72,122,78,2024-06-13 13:05:48,
72,26,32,2024-06-27 13:05:48,3.0
72,45,73,2025-01-06 13:05:48,2.1
72,12,100,2025-01-02 13:05:48,3.0
72,101,22,2024-04-26 13:05:48,
72,11,35,2024-09-10 13:05:48,4.8
72,152,52,2025-01-10 13:05:48,
72,29,44,2024-05-14 13:05:48,
72,41,20,2025-02-25 13:05:48,
72,178,81,2024-10-27 13:05:48,
72,99,28,2025-01-31 13:05:48,
72,119,93,2024-11-22 13:05:48,
72,92,94,2024-04-24 13:05:48,
72,175,44,2024-04-24 13:05:48,
72,97,35,2024-05-23 13:05:48,1.6
72,154,38,2024-08-26 13:05:48,
72,9,18,2025-01-21 13:05:48,2.2
72,192,35,2025-03-06 13:05:48,3.3
73,197,24,2024-10-22 13:05:48,
73,73,53,2025-01-12 13:05:48,
73,91,75,2024-10-20 13:05:48,
73,167,91,2024-05-28 13:05:48,5.0
73,56,41,2024-05-26 13:05:48,3.1
73,14,79,2024-09-18 13:05:48,3.1
73,144,100,2024-06-23 13:05:48,2.6
73,160,60,2025-03-13 13:05:48,4.8
73,140,91,2024-06-23 13:05:48,3.3
73,113,64,2024-11-08 13:05:48,1.2
73,17,90,2024-05-21 13:05:48,4.5
73,180,76,2024-05-10 13:05:48,2.5
73,13,16,2024-06-04 13:05:48,
73,159,64,2024-09-03 13:05:48,
73,130,74,2025-03-20 13:05:48,2.5
73,53,100,2024-06-14 13:05:48,
73,59,54,2024-09-16 13:05:48,1.4
73,149,29,2024-08-07 13:05:48,1.1
74,86,49,2024-09-15 13:05:48,3.1
74,48,49,2024-12-31 13:05:48,4.2
74,122,29,2025-03-31 13:05:48,4.2
74,12,62,2024-12-16 13:05:48,1.4
74,105,72,2025-02-12 13:05:48,4.7
74,73,87,2025-04-01 13:05:48,
74,111,74,2024-09-02 13:05:48,4.6
74,9,81,2025-02-27 13:05:48,
74,62,81,2025-03-21 13:05:48,3.3
74,115,26,2024-07-14 13:05:48,
74,79,23,2024-10-19 13:05:48,2.5
75,184,18,2024-06-10 13:05:48,
75,70,80,2025-03-28 13:05:48,2.7
75,46,77,2024-10-29 13:05:48,4.2
75,16,71,2025-04-16 13:05:48,
75,197,17,2025-01-15 13:05:48,
75,139,13,2025-02-07 13:05:48,3.6
75,195,94,2024-05-04 13:05:48,2.6
75,34,38,2024-08-26 13:05:48,
75,14,75,2025-03-12 13:05:48,
75,94,92,2024-09-03 13:05:48,
75,112,15,2025-03-31 13:05:48,
75,130,38,2024-12-05 13:05:48,1.7
75,74,15,2024-10-08 13:05:48,3.7
75,138,44,2024-09-22 13:05:48,3.4
75,189,92,2024-05-06 13:05:48,
75,95,54,2025-03-04 13:05:48,4.6
75,37,58,2024-05-26 13:05:48,
76,25,66,2024-06-23 13:05:48,3.3
76,119,25,2024-08-23 13:05:48,4.6
76,151,98,2024-04-24 13:05:48,5.0
76,125,17,2025-03-11 13:05:48,4.9
76,10,14,2024-06-28 13:05:48,3.8
76,27,86,2024-05-05 13:05:48,3.1
76,118,13,2024-09-13 13:05:48,
76,77,71,2024-04-25 13:05:48,2.4
76,138,91,2024-10-27 13:05:48,
76,46,51,2025-02-23 13:05:48,3.6
76,68,68,2025-03-16 13:05:48,2.5
76,123,94,2025-04-17 13:05:48,
76,95,33,2024-09-06 13:05:48,
76,97,96,2025-02-13 13:05:48,
76,193,32,2024-08-04 13:05:48,
77,41,98,2025-01-16 13:05:48,1.7
77,18,77,2024-05-23 13:05:48,1.3
77,119,75,2024-06-17 13:05:48,1.2
77,153,53,2024-09-12 13:05:48,
77,143,79,2024-12-12 13:05:48,3.8
77,4,100,2025-01-09 13:05:48,1.9
77,66,87,2024-07-31 13:05:48,
77,100,92,2024-08-12 13:05:48,1.3
77,28,87,2024-12-21 13:05:48,
77,40,12,2025-04-19 13:05:48,
77,1,98,2025-02-21 13:05:48,
77,45,77,2024-09-30 13:05:48,
77,199,23,2025-03-15 13:05:48,2.4
77,5,57,2024-12-06 13:05:48,
77,132,94,2024-06-06 13:05:48,
77,200,73,2024-08-18 13:05:48,4.6
77,137,45,2024-09-09 13:05:48,4.3
77,78,22,2024-10-27 13:05:48,1.8
77,67,17,2024-10-02 13:05:48,1.8
77,83,20,2025-04-17 13:05:48,1.5
78,136,33,2025-01-23 13:05:48,3.6
78,133,88,2024-11-21 13:05:48,1.9
78,4,29,2024-11-08 13:05:48,
78,160,76,2025-01-15 13:05:48,
78,27,53,2024-06-09 13:05:48,4.8
78,76,16,2025-03-24 13:05:48,4.5
78,192,37,2024-06-20 13:05:48,2.0
78,167,58,2024-08-22 13:05:48,4.1
78,194,85,2025-03-10 13:05:48,1.3
79,144,97,2024-07-23 13:05:48,2.7
79,9,70,2025-03-28 13:05:48,3.0
79,3,57,2025-01-15 13:05:48,4.5
79,119,85,2025-04-05 13:05:48,4.9
79,108,70,2024-05-12 13:05:48,2.0
80,92,61,2024-09-12 13:05:48,1.2
80,172,63,2024-05-11 13:05:48,3.5
80,99,82,2024-06-21 13:05:48,3.8
80,180,82,2024-05-25 13:05:48,3.6
80,126,37,2024-10-06 13:05:48,3.9
80,97,34,2024-05-29 13:05:48,4.2
80,164,65,2025-04-16 13:05:48,1.7
80,34,38,2025-03-03 13:05:48,
80,115,89,2025-02-27 13:05:48,
80,177,87,2024-04-21 13:05:48,1.3
80,154,85,2025-04-10 13:05:48,2.4
80,157,52,2024-10-26 13:05:48,1.7
80,29,43,2024-09-24 13:05:48,1.7
80,3,61,2025-03-02 13:05:48,
80,200,93,2025-01-07 13:05:48,
80,68,58,2025-04-20 13:05:48,3.3
80,50,87,2024-05-26 13:05:48,1.0
80,199,64,2024-11-09 13:05:48,3.5
80,26,27,2025-01-03 13:05:48,
80,24,36,2025-01-11 13:05:48,1.3
80,12,41,2025-01-05 13:05:48,1.3
80,116,15,2024-09-18 13:05:48,4.2
80,161,13,2024-10-08 13:05:48,4.9
81,140,18,2024-08-12 13:05:48,2.1
81,21,29,2024-04-22 13:05:48,
81,41,17,2024-07-09 13:05:48,3.5
81,34,26,2024-07-30 13:05:48,1.1
81,183,18,2024-05-27 13:05:48,
81,172,33,2024-06-19 13:05:48,
81,141,65,2025-03-12 13:05:48,4.8
81,182,36,2024-12-29 13:05:48,1.7
82,72,57,2024-05-16 13:05:48,1.4
82,51,28,2024-06-03 13:05:48,
82,30,63,2024-11-22 13:05:48,
82,58,54,2025-02-22 13:05:48,1.9
82,136,87,2024-06-15 13:05:48,4.5
82,160,16,2025-01-22 13:05:48,
82,162,69,2024-06-29 13:05:48,
82,31,95,2024-07-05 13:05:48,2.5
82,156,61,2024-10-04 13:05:48,3.4
82,35,59,2025-01-27 13:05:48,1.0
82,8,88,2024-05-18 13:05:48,3.7
82,163,38,2024-10-04 13:05:48,1.3
82,63,44,2024-08-20 13:05:48,4.8
83,87,18,2024-06-20 13:05:48,
83,97,60,2024-04-29 13:05:48,1.8
83,156,50,2024-07-05 13:05:48,4.8
83,181,50,2024-04-27 13:05:48,2.7
83,13,26,2025-04-14 13:05:48,
83,51,64,2024-12-07 13:05:48,3.6
83,58,68,2025-02-01 13:05:48,
83,3,71,2024-11-06 13:05:48,1.9
83,19,57,2025-02-13 13:05:48,
83,171,30,2024-05-07 13:05:48,
83,64,33,2024-09-19 13:05:48,1.1
83,29,71,2024-06-20 13:05:48,2.1
83,92,54,2024-08-09 13:05:48,
83,159,12,2024-05-15 13:05:48,4.2
83,14,55,2025-01-02 13:05:48,2.7
83,30,17,2024-09-21 13:05:48,4.6
83,101,83,2025-03-04 13:05:48,2.6
83,85,19,2025-01-30 13:05:48,
83,175,93,2024-11-10 13:05:48,
83,124,38,2025-03-21 13:05:48,3.2
83,23,55,2024-10-31 13:05:48,2.3
84,93,94,2024-09-21 13:05:48,2.6
84,200,69,2024-06-03 13:05:48,1.6
84,192,31,2025-02-09 13:05:48,4.3
84,117,74,2024-05-06 13:05:48,3.7
84,3,59,2024-08-07 13:05:48,1.2
84,62,27,2024-08-11 13:05:48,
84,103,62,2024-09-07 13:05:48,2.2
84,99,58,2025-03-21 13:05:48,3.9
84,170,45,2024-06-12 13:05:48,2.0
84,124,46,2024-06-09 13:05:48,4.6
84,152,71,2024-08-06 13:05:48,3.4
84,158,29,2025-03-21 13:05:48,4.5
84,89,20,2025-03-12 13:05:48,1.9
85,26,12,2025-03-06 13:05:48,1.4
85,126,39,2024-06-26 13:05:48,3.0
85,129,37,2025-01-23 13:05:48,3.9
85,120,95,2025-02-01 13:05:48,
85,43,75,2024-12-20 13:05:48,4.1
85,176,11,2025-04-04 13:05:48,2.4
85,25,72,2024-12-05 13:05:48,1.9
85,167,57,2024-06-20 13:05:48,4.8
85,84,90,2024-08-07 13:05:48,
85,153,60,2025-02-24 13:05:48,
85,36,34,2025-03-07 13:05:48,
85,45,38,2025-04-12 13:05:48,3.5
85,53,67,2024-12-21 13:05:48,3.2
85,69,55,2024-04-30 13:05:48,4.2
85,147,17,2024-05-03 13:05:48,3.5
85,93,11,2024-12-28 13:05:48,
85,97,88,2024-05-11 13:05:48,
85,186,86,2025-04-19 13:05:48,
86,118,17,2024-11-08 13:05:48,1.1
86,73,29,2024-05-10 13:05:48,4.4
86,84,71,2024-05-27 13:05:48,
86,114,72,2025-01-20 13:05:48,
86,112,78,2025-02-07 13:05:48,
86,196,66,2024-06-30 13:05:48,2.2
86,146,57,2024-10-01 13:05:48,3.0
86,96,61,2024-11-23 13:05:48,2.9
86,107,39,2024-07-07 13:05:48,2.9
86,2,71,2025-01-02 13:05:48,
86,16,13,2024-06-17 13:05:48,
86,32,18,2024-05-28 13:05:48,
86,135,62,2024-08-22 13:05:48,1.7
86,43,95,2024-04-28 13:05:48,2.9
86,4,14,2025-03-07 13:05:48,4.9
87,138,73,2025-04-13 13:05:48,4.4
87,109,61,2025-01-25 13:05:48,3.4
87,110,32,2025-01-26 13:05:48,4.5
87,179,61,2024-06-27 13:05:48,
87,174,99,2024-10-04 13:05:48,4.9
87,131,89,2024-08-20 13:05:48,3.3
87,141,99,2024-04-27 13:05:48,1.7
87,186,89,2024-07-08 13:05:48,2.9
87,129,95,2024-07-23 13:05:48,4.8
87,169,75,2025-03-23 13:05:48,4.8
87,100,13,2025-02-12 13:05:48,3.8
87,103,30,2024-05-21 13:05:48,4.9
87,106,68,2024-04-26 13:05:48,1.0
87,94,65,2025-01-06 13:05:48,
87,101,10,2024-06-03 13:05:48,
87,132,10,2024-08-08 13:05:48,1.0
87,102,30,2024-09-17 13:05:48,3.0
87,161,40,2025-02-01 13:05:48,
87,63,20,2025-01-22 13:05:48,2.7
87,147,57,2024-09-27 13:05:48,3.8
87,137,49,2024-09-03 13:05:48,4.8
87,167,12,2024-08-20 13:05:48,2.8
87,33,81,2025-01-15 13:05:48,
87,53,27,2025-02-26 13:05:48,4.8
87,196,15,2025-02-22 13:05:48,1.0
87,41,31,2025-01-09 13:05:48,1.7
88,90,13,2024-07-05 13:05:48,2.6
88,149,47,2024-08-28 13:05:48,1.6
88,33,43,2024-11-28 13:05:48,2.7
88,57,24,2024-12-09 13:05:48,
88,36,60,2024-05-12 13:05:48,
88,10,75,2024-12-16 13:05:48,4.3
88,41,24,2024-12-20 13:05:48,3.6
88,139,14,2024-07-20 13:05:48,3.8
88,111,87,2025-02-28 13:05:48,4.2
88,80,58,2024-06-28 13:05:48,4.5
88,123,52,2025-01-29 13:05:48,1.2
88,42,70,2025-01-19 13:05:48,
88,87,69,2024-07-01 13:05:48,3.4
88,86,28,2024-11-13 13:05:48,1.9
88,130,35,2024-06-30 13:05:48,4.4
88,173,41,2024-05-07 13:05:48,2.1
88,165,65,2025-04-04 13:05:48,3.1
88,144,44,2024-12-16 13:05:48,2.0
88,51,28,2025-02-17 13:05:48,4.2
88,14,10,2024-11-12 13:05:48,1.7
89,191,24,2024-09-13 13:05:48,3.8
89,155,27,2024-07-25 13:05:48,3.9
89,110,33,2024-12-01 13:05:48,3.8
89,29,78,2024-10-13 13:05:48,4.8
89,151,17,2024-08-23 13:05:48,1.6
89,42,59,2024-10-15 13:05:48,4.8
89,149,25,2024-12-24 13:05:48,
89,3,89,2024-11-13 13:05:48,
90,146,49,2025-03-28 13:05:48,2.2
90,28,11,2025-03-28 13:05:48,
90,104,70,2025-02-06 13:05:48,
90,65,81,2024-06-23 13:05:48,
90,45,20,2025-01-06 13:05:48,3.6
90,56,65,2025-03-23 13:05:48,
90,12,59,2024-08-18 13:05:48,2.0
90,36,88,2024-11-30 13:05:48,3.6
90,10,70,2024-07-07 13:05:48,4.6
90,90,76,2024-07-16 13:05:48,2.5
90,132,91,2024-06-05 13:05:48,1.9
90,38,26,2024-12-09 13:05:48,2.0
90,112,99,2025-04-10 13:05:48,4.6
90,165,85,2024-07-16 13:05:48,1.5
90,61,13,2024-05-05 13:05:48,4.4
90,70,58,2025-04-06 13:05:48,3.1
90,188,73,2024-11-17 13:05:48,1.8
90,133,24,2024-10-17 13:05:48,
90,159,38,2025-02-01 13:05:48,1.0
90,23,18,2025-02-01 13:05:48,2.1
90,85,79,2024-09-17 13:05:48,3.4
90,171,61,2024-11-23 13:05:48,
90,71,39,2025-03-28 13:05:48,4.2
90,41,39,2024-12-27 13:05:48,2.7
90,3,49,2024-12-29 13:05:48,
90,176,61,2024-10-22 13:05:48,
91,84,74,2024-09-20 13:05:48,1.6
91,80,11,2024-09-21 13:05:48,3.8
91,152,72,2024-10-11 13:05:48,4.4
91,169,19,2024-11-20 13:05:48,
91,75,44,2024-09-01 13:05:48,2.3
91,185,86,2024-05-11 13:05:48,
91,37,74,2024-08-09 13:05:48,2.8
91,62,94,2025-01-26 13:05:48,
91,12,27,2024-10-17 13:05:48,3.0
91,143,39,2024-04-23 13:05:48,
91,168,43,2025-03-19 13:05:48,
91,29,29,2024-06-06 13:05:48,3.7
91,31,34,2025-03-19 13:05:48,2.1
91,27,65,2024-12-27 13:05:48,
91,74,84,2024-09-18 13:05:48,4.7
91,170,38,2024-10-11 13:05:48,1.6
91,78,42,2025-03-30 13:05:48,
91,73,92,2025-01-27 13:05:48,1.2
91,187,65,2025-03-07 13:05:48,4.1
91,155,92,2024-11-21 13:05:48,
91,97,12,2025-03-25 13:05:48,4.9
91,174,56,2024-11-12 13:05:48,
91,85,43,2024-06-29 13:05:48,1.7
91,145,87,2024-12-27 13:05:48,
91,58,42,2024-05-20 13:05:48,1.1
91,64,75,2024-12-21 13:05:48,4.0
91,171,91,2024-10-31 13:05:48,
91,192,32,2024-10-09 13:05:48,4.6
92,166,29,2025-02-02 13:05:48,4.0
92,127,50,2024-12-16 13:05:48,
92,116,34,2025-02-21 13:05:48,4.3
92,31,42,2024-06-25 13:05:48,1.7
92,36,65,2025-01-16 13:05:48,2.8
92,105,70,2024-04-29 13:05:48,3.7
92,170,73,2025-03-19 13:05:48,1.0
92,85,82,2025-02-24 13:05:48,
92,132,77,2025-04-17 13:05:48,
92,144,11,2024-08-24 13:05:48,3.9
92,151,63,2025-01-04 13:05:48,
92,56,58,2025-01-17 13:05:48,2.0
92,114,25,2024-06-16 13:05:48,3.9
92,39,83,2024-07-06 13:05:48,1.2
92,131,53,2024-11-07 13:05:48,
92,103,14,2024-05-16 13:05:48,3.9
92,8,93,2025-03-18 13:05:48,1.1
92,193,63,2024-11-15 13:05:48,
92,139,18,2024-12-06 13:05:48,3.4
92,110,11,2025-01-17 13:05:48,
92,99,36,2025-03-06 13:05:48,
92,162,94,2024-08-12 13:05:48,3.5
92,21,12,2025-02-16 13:05:48,3.9
92,25,47,2025-01-12 13:05:48,3.7
92,121,20,2024-09-02 13:05:48,
92,30,87,2025-03-21 13:05:48,
92,49,34,2024-10-04 13:05:48,2.3
92,72,23,2024-08-15 13:05:48,2.8
93,93,15,2024-06-03 13:05:48,1.2
93,89,84,2024-10-18 13:05:48,2.6
93,90,81,2025-03-16 13:05:48,3.8
93,65,32,2024-09-14 13:05:48,
93,28,60,2024-09-06 13:05:48,2.7
93,176,42,2024-08-21 13:05:48,3.7
93,71,30,2025-03-13 13:05:48,4.7
93,84,93,2025-02-18 13:05:48,3.1
93,11,65,2025-01-28 13:05:48,
93,22,96,2024-12-29 13:05:48,4.5
93,77,45,2024-06-10 13:05:48,2.0
93,74,24,2024-05-27 13:05:48,2.3
93,56,79,2025-02-14 13:05:48,4.6
93,24,25,2024-07-12 13:05:48,1.7
93,134,10,2025-03-08 13:05:48,
94,55,93,2024-06-02 13:05:48,
94,200,54,2024-09-07 13:05:48,1.4
94,186,26,2024-09-22 13:05:48,
94,133,100,2025-02-28 13:05:48,3.3
94,142,16,2024-06-03 13:05:48,
95,164,100,2025-03-08 13:05:48,3.5
95,81,27,2025-01-01 13:05:48,3.2
95,30,84,2025-01-25 13:05:48,4.6
95,13,68,2024-10-21 13:05:48,1.1
95,165,18,2025-03-02 13:05:48,
95,51,35,2024-11-06 13:05:48,
95,57,73,2024-12-01 13:05:48,
95,74,96,2024-05-05 13:05:48,
95,95,78,2024-10-18 13:05:48,4.2
95,137,17,2024-11-14 13:05:48,3.6
95,155,56,2024-12-01 13:05:48,
95,80,100,2024-04-28 13:05:48,
95,41,29,2024-05-20 13:05:48,4.7
95,159,89,2024-11-09 13:05:48,
95,144,43,2025-04-05 13:05:48,
95,170,15,2024-10-17 13:05:48,4.4
95,175,77,2024-04-27 13:05:48,3.9
95,7,18,2025-02-20 13:05:48,
95,44,76,2025-02-07 13:05:48,1.5
95,12,12,2024-07-09 13:05:48,2.7
95,54,23,2024-10-23 13:05:48,4.9
95,4,65,2025-01-27 13:05:48,3.7
96,183,74,2024-12-26 13:05:48,3.6
96,130,46,2024-05-13 13:05:48,4.5
96,112,33,2025-04-09 13:05:48,1.4
96,9,23,2024-05-14 13:05:48,
96,122,35,2024-11-07 13:05:48,
96,118,99,2024-09-11 13:05:48,
96,72,63,2024-08-02 13:05:48,3.5
97,138,21,2024-04-26 13:05:48,3.9
97,56,74,2025-04-17 13:05:48,
97,114,70,2024-05-03 13:05:48,4.5
97,150,83,2025-02-08 13:05:48,1.4
97,158,98,2024-05-09 13:05:48,1.2
97,58,16,2024-06-01 13:05:48,2.6
97,50,81,2024-09-20 13:05:48,3.0
97,106,59,2024-05-13 13:05:48,
97,70,88,2024-06-21 13:05:48,
97,98,79,2024-08-09 13:05:48,5.0
97,3,72,2024-05-06 13:05:48,3.7
97,198,14,2024-07-04 13:05:48,
97,31,41,2025-01-23 13:05:48,4.7
97,55,31,2025-04-14 13:05:48,3.9
97,178,49,2025-03-29 13:05:48,2.9
97,186,51,2024-06-13 13:05:48,3.9
97,196,94,2024-12-04 13:05:48,
97,65,53,2024-07-07 13:05:48,2.5
97,81,42,2025-04-14 13:05:48,1.6
97,181,21,2024-10-29 13:05:48,3.2
97,128,48,2025-04-11 13:05:48,4.4
97,167,86,2024-07-27 13:05:48,2.8
97,57,49,2024-12-19 13:05:48,3.6
98,160,72,2025-02-12 13:05:48,
98,67,96,2025-02-15 13:05:48,3.8
98,49,21,2024-08-25 13:05:48,
98,139,92,2024-07-10 13:05:48,4.1
98,165,67,2024-12-02 13:05:48,1.5
98,156,30,2025-02-08 13:05:48,2.1
98,115,18,2024-08-30 13:05:48,3.4
98,186,78,2024-09-14 13:05:48,1.5
98,159,63,2024-07-08 13:05:48,4.7
98,199,66,2024-07-30 13:05:48,5.0
98,105,44,2024-10-22 13:05:48,
98,103,24,2024-06-01 13:05:48,4.8
98,94,22,2024-11-12 13:05:48,3.2
98,7,57,2024-11-21 13:05:48,4.0
98,187,69,2024-06-01 13:05:48,3.2
98,196,100,2025-01-16 13:05:48,
98,89,69,2024-05-16 13:05:48,
98,118,78,2025-01-01 13:05:48,1.5
98,83,56,2025-04-17 13:05:48,3.6
98,34,74,2024-05-07 13:05:48,1.8
99,193,57,2024-10-15 13:05:48,2.0
99,73,37,2025-02-16 13:05:48,1.5
99,194,35,2024-11-15 13:05:48,3.8
99,142,78,2024-11-02 13:05:48,3.4
99,38,20,2024-06-15 13:05:48,
99,25,41,2024-07-26 13:05:48,1.1
99,18,53,2024-12-29 13:05:48,4.7
99,101,25,2025-02-15 13:05:48,1.7
99,20,71,2024-08-22 13:05:48,2.8
99,170,49,2024-08-18 13:05:48,3.0
99,134,29,2024-06-14 13:05:48,4.3
100,176,95,2024-11-09 13:05:48,4.5
100,190,51,2024-08-14 13:05:48,
100,40,41,2024-12-01 13:05:48,2.9
100,180,32,2024-05-08 13:05:48,2.0
100,191,18,2024-07-05 13:05:48,
100,133,29,2024-09-29 13:05:48,
100,48,38,2024-07-19 13:05:48,3.1
100,195,39,2025-02-27 13:05:48,3.9
100,36,80,2024-09-22 13:05:48,2.7
100,88,23,2024-07-13 13:05:48,1.6
100,162,37,2024-10-22 13:05:48,3.9
100,179,38,2024-12-21 13:05:48,3.1
100,107,98,2025-04-09 13:05:48,
100,152,75,2024-10-09 13:05:48,3.1
100,71,29,2024-05-17 13:05:48,
100,119,41,2024-07-28 13:05:48,2.9
